{"3": [0,0,0,0],"5": [4.00487,4.00487,4.00487,4.00487],}